1609552995.970855, -0.22900763358778625
1609552996.0572293, -0.4580152671755725
1609552996.115899, -0.42748091603053434
1609552996.1683102, -0.26717557251908397
1609552996.222794, -0.09923664122137404
1609552996.2888107, -0.22137404580152673
1609552996.3603363, 0.04580152671755725
1609552996.4211643, -0.24427480916030533
1609552996.4784582, -0.20610687022900764
1609552996.5588217, -0.22137404580152673
1609552996.658397, -0.4198473282442748
1609552996.7165837, -0.061068702290076333
1609552996.7831554, 0.09923664122137404
1609552996.8526492, -0.16030534351145037
1609552996.917747, -0.3282442748091603
1609552996.9801557, -0.183206106870229
1609552997.0566132, 0.17557251908396945
1609552997.1336877, 0.5954198473282443
1609552997.1944976, -1.0610687022900764
1609552997.2632654, 0.5114503816793893
1609552997.3347027, -0.8931297709923665
1609552997.3974576, 2.5267175572519083
1609552997.4621005, 1.0
1609552997.5389209, -0.7862595419847328
1609552997.6172535, 0.33587786259541985
1609552997.6902251, 1.5725190839694656
1609552997.7604277, -0.24427480916030533
1609552997.8225756, 0.9312977099236641
1609552997.8928301, -0.7557251908396947
1609552997.951798, -0.3053435114503817
1609552998.0272267, -1.916030534351145
1609552998.0920856, -0.35877862595419846
1609552998.1515112, -0.7099236641221374
1609552998.2217312, -0.7633587786259542
1609552998.2852428, -0.10687022900763359
1609552998.3489735, 1.9465648854961832
1609552998.427875, 0.7251908396946565
1609552998.489682, -0.2366412213740458
1609552998.5486457, -0.35877862595419846
1609552998.6151476, -0.7557251908396947
1609552998.6698456, -0.4351145038167939
1609552998.7282374, -0.183206106870229
1609552998.786343, 0.13740458015267176
1609552998.8491719, -0.030534351145038167
1609552998.9150288, -0.7251908396946565
1609552998.9903953, -0.4732824427480916
1609552999.0536733, 0.015267175572519083
1609552999.12861, 0.10687022900763359
1609552999.1880944, -0.48854961832061067
1609552999.2511623, -0.31297709923664124
1609552999.3188431, -0.366412213740458
1609552999.3842447, -0.22900763358778625
1609552999.4495616, 0.1450381679389313
1609552999.534581, -0.32061068702290074
1609552999.6105883, -0.2900763358778626
1609552999.6851063, -0.5038167938931297
1609552999.7721255, 1.9465648854961832
1609552999.851631, -1.9236641221374047
1609552999.9183648, -0.4122137404580153
1609552999.9841385, -0.4961832061068702
1609553000.0537422, -0.09923664122137404
1609553000.1169727, -0.0916030534351145
1609553000.1774757, -0.11450381679389313
1609553000.2472064, -0.5725190839694656
1609553000.3062682, -0.37404580152671757
1609553000.362607, -0.25190839694656486
1609553000.418167, -0.3282442748091603
1609553000.480588, 0.022900763358778626
1609553000.5414517, -0.07633587786259542
1609553000.6016166, -0.19083969465648856
1609553000.6654894, -0.4351145038167939
1609553000.74432, -0.1450381679389313
1609553000.843353, -0.10687022900763359
1609553000.9008048, -0.15267175572519084
1609553000.9563038, -0.3435114503816794
1609553001.0186396, -0.4961832061068702
1609553001.0877094, -0.1297709923664122
1609553001.1499503, -0.061068702290076333
1609553001.2162478, -0.26717557251908397
1609553001.2834654, -0.37404580152671757
1609553001.3441784, -0.42748091603053434
1609553001.415239, -0.3969465648854962
1609553001.4823198, -0.17557251908396945
1609553001.5481274, 0.07633587786259542
1609553001.6116993, -0.16793893129770993
1609553001.68301, -0.33587786259541985
1609553001.7413878, -0.32061068702290074
1609553001.8063858, -0.22900763358778625
1609553001.8706384, -0.0916030534351145
1609553001.935857, -0.22137404580152673
1609553002.0072768, -0.19083969465648856
1609553002.0724576, -0.2900763358778626
1609553002.1301074, -0.17557251908396945
1609553002.1861773, -0.16030534351145037
1609553002.2483952, -1.9312977099236641
1609553002.311562, -0.31297709923664124
1609553002.3810515, -0.3511450381679389
1609553002.4408624, -0.26717557251908397
1609553002.5013914, -0.13740458015267176
1609553002.5571964, 0.03816793893129771
1609553002.6150203, -0.33587786259541985
1609553002.672866, -0.183206106870229
1609553002.732159, -0.3053435114503817
1609553002.7888448, -0.40458015267175573
1609553002.8449588, -0.3282442748091603
1609553002.9082077, -0.10687022900763359
1609553002.9724994, 0.0916030534351145
1609553003.0377662, -0.37404580152671757
1609553003.105399, -0.21374045801526717
1609553003.1649346, -0.7175572519083969
1609553003.2283556, -0.31297709923664124
1609553003.2867982, -0.2595419847328244
1609553003.3415804, -0.1450381679389313
1609553003.406815, -0.4122137404580153
1609553003.471792, -0.40458015267175573
1609553003.5303757, -0.07633587786259542
1609553003.713416, 1.9389312977099236
1609553003.8634324, -0.03816793893129771
1609553003.9871101, -0.366412213740458
1609553004.1389391, -0.25190839694656486
1609553004.2904012, -0.05343511450381679
1609553004.411071, 0.06870229007633588
1609553004.4759378, -0.4732824427480916
1609553004.5489254, -0.08396946564885496
1609553004.614539, -0.26717557251908397
1609553004.6730487, 1.8702290076335877
1609553004.7825458, 0.12213740458015267
1609553004.8755221, -0.0916030534351145
1609553004.9427848, -0.4351145038167939
1609553005.0274622, -0.15267175572519084
1609553005.0874119, -0.5267175572519084
1609553005.1750894, -0.06870229007633588
1609553005.2675755, -0.10687022900763359
1609553005.3591998, -0.2824427480916031
1609553005.4365442, -0.1297709923664122
1609553005.4964933, -0.06870229007633588
1609553005.552578, -0.12213740458015267
1609553005.625274, 0.030534351145038167
1609553005.6873477, 0.37404580152671757
1609553005.7451246, -0.6793893129770993
1609553005.8107853, -0.3893129770992366
1609553005.8858798, -0.04580152671755725
1609553005.9506586, -0.07633587786259542
1609553006.0216472, -0.45038167938931295
1609553006.0767143, -0.33587786259541985
1609553006.1417081, -0.13740458015267176
1609553006.2118516, -0.2748091603053435
1609553006.2801163, -0.183206106870229
1609553006.3476999, -0.3969465648854962
1609553006.410332, 0.15267175572519084
1609553006.4725966, -0.10687022900763359
1609553006.5337675, -0.44274809160305345
1609553006.5911534, -0.17557251908396945
1609553006.64773, 0.31297709923664124
1609553006.7356107, -0.648854961832061
1609553006.7990453, -0.4351145038167939
1609553006.866858, 0.183206106870229
1609553006.932489, -0.6259541984732825
1609553006.9936147, -0.2748091603053435
1609553007.0643244, 0.09923664122137404
1609553007.134849, -1.015267175572519
1609553007.192262, -0.21374045801526717
1609553007.2503157, 0.030534351145038167
1609553007.3048797, 0.12213740458015267
1609553007.3622608, -0.549618320610687
1609553007.4294553, -0.6641221374045801
1609553007.495127, -0.3816793893129771
1609553007.556267, -0.549618320610687
1609553007.6117258, -0.1984732824427481
1609553007.6724467, 0.3893129770992366
1609553007.7321274, -0.5572519083969466
1609553007.7911046, -0.9236641221374046
1609553007.8497803, 0.183206106870229
1609553007.9055233, -0.061068702290076333
1609553007.961532, -0.3893129770992366
1609553008.027911, -0.22900763358778625
1609553008.0972338, 0.24427480916030533
1609553008.1562874, -0.8320610687022901
1609553008.2109766, -0.6564885496183206
1609553008.2660916, -1.9541984732824427
1609553008.3303952, -12.618320610687023
1609553008.389285, 52.79389312977099
1609553008.4589047, 41.94656488549618
1609553008.5249784, 65.42748091603053
1609553008.5917802, 119.90839694656489
1609553008.664626, 43.12213740458015
1609553008.7243156, -136.6412213740458
1609553008.7794847, -12.50381679389313
1609553008.8346214, -7.549618320610687
1609553008.8951235, 30.671755725190838
1609553008.9651551, -4.908396946564886
1609553009.0260658, 45.3587786259542
1609553009.0807908, 11.389312977099237
1609553009.1389368, 19.061068702290076
1609553009.1961126, -1.6259541984732824
1609553009.2593164, 13.15267175572519
1609553009.3188415, -6.351145038167939
1609553009.3754241, 4.564885496183206
1609553009.434487, -4.595419847328245
1609553009.496826, -15.50381679389313
1609553009.5716627, 2.763358778625954
1609553009.6722057, -14.83206106870229
1609553009.7647169, -15.908396946564885
1609553009.853463, -4.648854961832061
1609553009.9511924, 4.755725190839694
1609553010.0440745, 12.717557251908397
1609553010.1414936, -13.916030534351146
1609553010.2613552, 0.19083969465648856
1609553010.3515556, -7.137404580152672
1609553010.4571865, -7.778625954198473
1609553010.5620594, -5.770992366412214
1609553010.6252193, 1.6870229007633588
1609553010.6883862, 1.900763358778626
1609553010.745031, 4.519083969465649
1609553010.80526, 2.0839694656488548
1609553010.8648458, 0.44274809160305345
1609553010.9257927, 6.595419847328245
1609553010.9869924, 5.213740458015267
1609553011.0478034, 13.893129770992367
1609553011.1257207, 1.0763358778625953
1609553011.1978114, 1.748091603053435
1609553011.262278, 9.17557251908397
1609553011.3464627, 4.351145038167939
1609553011.4030945, -1.8778625954198473
1609553011.4632764, 0.648854961832061
1609553011.5273101, 1.450381679389313
1609553011.58572, 0.732824427480916
1609553011.64534, 2.7404580152671754
1609553011.7189436, -3.6259541984732824
1609553011.7822943, -0.9389312977099237
1609553011.8422103, 2.2977099236641223
1609553011.9308684, -0.2900763358778626
1609553011.9889092, 0.7099236641221374
1609553012.055234, -0.4580152671755725
1609553012.115732, 1.2748091603053435
1609553012.181656, -4.564885496183206
1609553012.2571943, -1.3435114503816794
1609553012.3183591, -3.114503816793893
1609553012.379859, 0.22900763358778625
1609553012.4458249, 3.50381679389313
1609553012.5076854, -1.4427480916030535
1609553012.5685751, 3.5801526717557253
1609553012.6239703, -4.916030534351145
1609553012.6880362, -2.122137404580153
1609553012.74754, -1.3053435114503817
1609553012.8197596, -3.145038167938931
1609553012.910215, -1.5190839694656488
1609553012.9798186, -0.7251908396946565
1609553013.0471692, 0.3511450381679389
1609553013.1152227, 1.4045801526717556
1609553013.1862364, -1.5877862595419847
1609553013.2461405, -0.32061068702290074
1609553013.3087592, -2.1755725190839694
1609553013.3782098, 1.6641221374045803
1609553013.4450045, -2.0763358778625953
1609553013.5110083, -1.5725190839694656
1609553013.579601, 1.0763358778625953
1609553013.6440468, 0.6946564885496184
1609553013.7118535, -1.1068702290076335
1609553013.7723224, -0.7633587786259542
1609553013.844099, 7.6106870229007635
1609553013.9090037, -2.83206106870229
1609553013.9885662, 6.488549618320611
1609553014.0567918, -1.1603053435114503
1609553014.1198606, 0.17557251908396945
1609553014.1855586, 3.3053435114503817
1609553014.2429755, -4.900763358778626
1609553014.316284, 0.4198473282442748
1609553014.3829167, 0.6030534351145038
1609553014.4492276, -1.6946564885496183
1609553014.5409508, -14.717557251908397
1609553014.632302, -11.564885496183207
1609553014.6988907, -4.442748091603053
1609553014.7652974, 4.900763358778626
1609553014.8225343, 4.916030534351145
1609553014.897214, 1.7557251908396947
1609553014.9666145, -0.4198473282442748
1609553015.0234544, 3.969465648854962
1609553015.0830092, 0.7175572519083969
1609553015.1657329, 3.3587786259541983
1609553015.246601, 1.1603053435114503
1609553015.3232508, -0.21374045801526717
1609553015.4464126, 3.114503816793893
1609553015.531538, -6.091603053435114
1609553015.5924087, -29.129770992366414
1609553015.6514175, -24.458015267175572
1609553015.732883, -43.42748091603053
1609553015.8461678, 45.87022900763359
1609553015.9186654, 49.038167938931295
1609553015.9819372, -62.37404580152672
1609553016.046911, -26.450381679389313
1609553016.1181056, -33.20610687022901
1609553016.1865404, -16.732824427480917
1609553016.249003, -47.3206106870229
1609553016.3151917, 98.57251908396947
1609553016.3809276, 2.9618320610687023
1609553016.4518943, 47.725190839694655
1609553016.5129201, 45.045801526717554
1609553016.5754678, 68.64885496183206
1609553016.6342518, 36.274809160305345
1609553016.6898026, 58.17557251908397
1609553016.764923, -45.87786259541985
1609553016.8262482, 13.16793893129771
1609553016.885611, -9.061068702290076
1609553016.9484499, -33.099236641221374
1609553017.0107555, 6.564885496183206
1609553017.0799122, -3.7480916030534353
1609553017.1403131, -10.251908396946565
1609553017.2087116, -3.801526717557252
1609553017.2700496, -8.106870229007633
1609553017.3276696, -2.1755725190839694
1609553017.3823855, 8.488549618320612
1609553017.4380543, 3.6946564885496183
1609553017.5007262, -6.114503816793893
1609553017.557414, 3.0610687022900764
1609553017.6198149, 0.8244274809160306
1609553017.6786168, 1.3969465648854962
1609553017.7379718, 2.4580152671755724
1609553017.7969186, -2.648854961832061
1609553017.8508847, -4.885496183206107
1609553017.9097433, 1.0458015267175573
1609553017.9691412, -0.3969465648854962
1609553018.02375, -1.6106870229007633
1609553018.0787163, -3.3435114503816794
1609553018.1377132, -11.900763358778626
1609553018.196248, 5.641221374045801
1609553018.252575, -0.4961832061068702
1609553018.3117757, 7.549618320610687
1609553018.3709545, -4.076335877862595
1609553018.4310565, 1.0687022900763359
1609553018.4912024, 1.0229007633587786
1609553018.559509, 1.4274809160305344
1609553018.6253698, -1.4427480916030535
1609553018.6816926, 1.4809160305343512
1609553018.7398267, -4.641221374045801
1609553018.818913, 3.0229007633587788
1609553018.8826668, -2.877862595419847
1609553018.9418285, -0.6106870229007634
1609553019.0142994, 6.931297709923665
1609553019.0758822, -2.7404580152671754
1609553019.1512907, -8.84732824427481
1609553019.2066097, 2.9923664122137406
1609553019.2717135, -9.763358778625955
1609553019.3701487, 4.908396946564886
1609553019.4407272, 13.297709923664122
1609553019.507134, 28.328244274809162
1609553019.5728557, -52.29770992366412
1609553019.6458972, -97.3969465648855
1609553019.7484891, 16.450381679389313
1609553019.8325028, -66.33587786259542
1609553019.8896687, -63.3206106870229
1609553019.9453125, -51.61068702290076
1609553020.0149343, 12.251908396946565
1609553020.078371, -5.267175572519084
1609553020.137866, -6.083969465648855
1609553020.2023506, 0.5038167938931297
1609553020.2681675, -4.183206106870229
1609553020.3547537, -1.6793893129770991
1609553020.4132857, -2.0076335877862594
1609553020.4704294, -3.1297709923664123
1609553020.5289185, -1.16793893129771
1609553020.5825274, -1.366412213740458
1609553020.6494513, -0.7633587786259542
1609553020.708245, -0.8931297709923665
1609553020.7713118, -1.702290076335878
1609553020.8320496, -1.450381679389313
1609553020.8862016, -1.702290076335878
1609553020.9473836, -1.618320610687023
1609553021.0083153, -2.068702290076336
1609553021.074758, -2.213740458015267
1609553021.1501036, -4.938931297709924
1609553021.2186422, -1.5267175572519085
1609553021.28946, -0.549618320610687
1609553021.3494117, -0.6564885496183206
1609553021.4099836, -0.549618320610687
1609553021.4777813, -0.6183206106870229
1609553021.548677, -1.0534351145038168
1609553021.6074948, -2.053435114503817
1609553021.6674638, -1.5725190839694656
1609553021.7267916, -0.3511450381679389
1609553021.7873633, -0.42748091603053434
1609553021.8597848, -0.17557251908396945
1609553021.9375427, -0.35877862595419846
1609553022.005469, -0.2366412213740458
1609553022.0818877, -0.20610687022900764
1609553022.1397898, -0.32061068702290074
1609553022.1971986, -0.29770992366412213
1609553022.2562823, -0.45038167938931295
1609553022.3126683, -0.3893129770992366
1609553022.3735673, -0.4351145038167939
1609553022.4378738, -0.26717557251908397
1609553022.5200126, -0.3435114503816794
1609553022.5802844, -0.4122137404580153
1609553022.6384692, -0.3893129770992366
1609553022.6962411, -0.48854961832061067
1609553022.761787, -0.7099236641221374
1609553022.8264954, -1.3435114503816794
1609553022.8811047, -1.6488549618320612
1609553022.9445634, -1.6030534351145038
1609553023.0055273, -1.1374045801526718
1609553023.0616992, -0.8931297709923665
1609553023.121535, -0.7862595419847328
1609553023.176469, -0.6793893129770993
1609553023.232361, -0.9923664122137404
1609553023.2969956, -0.8473282442748091
1609553023.382004, -0.9770992366412213
1609553023.445243, -0.6412213740458015
1609553023.5109954, -0.4351145038167939
1609553023.5700192, -0.1984732824427481
1609553023.6319673, -0.19083969465648856
1609553023.690038, -0.2748091603053435
1609553023.743413, -0.16030534351145037
1609553023.802441, -0.32061068702290074
1609553023.8610299, -0.22900763358778625
1609553023.9370944, -0.3816793893129771
1609553023.9961014, -0.22900763358778625
1609553024.056439, -0.32061068702290074
1609553024.1268027, -0.366412213740458
1609553024.217558, -0.6412213740458015
1609553024.2969675, -0.3435114503816794
1609553024.4090765, -0.5114503816793893
1609553024.4688933, -0.3053435114503817
1609553024.532282, -0.6259541984732825
1609553024.6297421, -0.8702290076335878
1609553024.7050807, -0.8244274809160306
1609553024.7657375, -0.2900763358778626
1609553024.8412483, -0.7251908396946565
1609553024.9339433, -0.2900763358778626
1609553025.0209048, -0.45038167938931295
1609553025.1374846, -0.3511450381679389
1609553025.261454, -0.31297709923664124
1609553025.4003153, -0.33587786259541985
1609553025.5018125, -0.25190839694656486
1609553025.5632825, -0.366412213740458
1609553025.6344771, -0.3435114503816794
1609553025.6942627, -0.26717557251908397
1609553025.7629387, -0.42748091603053434
1609553025.8300953, -0.40458015267175573
1609553025.899319, -0.549618320610687
1609553025.9661438, -0.2900763358778626
1609553026.0363622, -0.7480916030534351
1609553026.103935, -0.6412213740458015
1609553026.1691008, -0.5343511450381679
1609553026.2333057, -0.06870229007633588
1609553026.2977774, -0.6106870229007634
1609553026.365483, -0.6793893129770993
1609553026.4327347, -0.3816793893129771
1609553026.4960854, -0.19083969465648856
1609553026.5629914, -0.3282442748091603
1609553026.631007, -0.4122137404580153
1609553026.689637, -0.42748091603053434
1609553026.7471876, -0.2748091603053435
1609553026.8081136, -0.5419847328244275
1609553026.8633153, -0.6183206106870229
1609553026.9288983, -0.31297709923664124
1609553026.989134, -0.366412213740458
1609553027.0542948, -0.4198473282442748
1609553027.112985, -0.3893129770992366
1609553027.1808283, -0.4580152671755725
1609553027.2469761, -0.40458015267175573
1609553027.3138418, -0.3435114503816794
1609553027.367913, -0.3816793893129771
1609553027.428336, -0.35877862595419846
1609553027.4850426, -0.4122137404580153
1609553027.5480294, -0.3053435114503817
1609553027.6065135, -0.40458015267175573
1609553027.6668842, -0.183206106870229
1609553027.723102, -0.4351145038167939
1609553027.7903047, -0.5038167938931297
1609553027.8603284, -0.4122137404580153
1609553027.9221673, -0.3282442748091603
1609553027.989737, -0.08396946564885496
1609553028.0529528, -0.2900763358778626
1609553028.1187406, -0.4351145038167939
1609553028.1840973, -0.37404580152671757
1609553028.2424784, -0.24427480916030533
1609553028.304694, -0.26717557251908397
1609553028.3574681, -0.3282442748091603
1609553028.4240167, -0.48854961832061067
1609553028.4821436, -0.21374045801526717
1609553028.5455604, -0.22137404580152673
1609553028.6034315, -0.3282442748091603
1609553028.6834478, -0.31297709923664124
1609553028.7481706, -0.29770992366412213
1609553028.8182235, -0.366412213740458
1609553028.881411, -0.16793893129770993
1609553028.9457, -0.2900763358778626
1609553029.0135853, -0.16793893129770993
1609553029.0699673, -0.31297709923664124
1609553029.1313891, -0.16030534351145037
1609553029.1937451, -0.26717557251908397
1609553029.2559638, -0.26717557251908397
1609553029.3325074, 0.11450381679389313
1609553029.3925722, -0.8778625954198473
1609553029.453517, -0.31297709923664124
1609553030.5369654, -0.4732824427480916
1609553030.611885, -0.3282442748091603
1609553030.705574, -0.366412213740458
1609553030.8032134, -0.4732824427480916
1609553030.8584113, -0.44274809160305345
1609553030.9183552, -0.3511450381679389
1609553030.983658, -0.33587786259541985
1609553031.0413418, -0.44274809160305345
1609553031.0960548, -0.4122137404580153
1609553031.1545076, -0.4732824427480916
1609553031.2184873, -0.3511450381679389
1609553031.2806423, -0.32061068702290074
1609553031.3363411, -0.16030534351145037
1609553031.394222, -0.19083969465648856
1609553031.464259, -0.22900763358778625
1609553031.5340173, -0.37404580152671757
1609553031.6030672, -0.16030534351145037
1609553031.664096, -0.42748091603053434
1609553031.722333, -0.2900763358778626
1609553031.7923174, -0.22137404580152673
1609553031.8462753, -0.2900763358778626
1609553031.9061403, -0.2366412213740458
1609553031.9620862, -0.24427480916030533
1609553032.0389206, -0.24427480916030533
1609553032.0988805, -0.31297709923664124
1609553032.1545568, -0.25190839694656486
1609553032.2123983, -0.3893129770992366
1609553032.2762582, -0.29770992366412213
1609553032.339645, -0.22900763358778625
1609553032.405382, -0.2900763358778626
1609553032.4630947, -0.3511450381679389
1609553032.5184495, -0.22900763358778625
1609553032.5754576, -0.17557251908396945
1609553032.6394634, -0.33587786259541985
1609553032.6987202, -0.35877862595419846
1609553032.753355, -0.3816793893129771
1609553032.809983, -0.37404580152671757
1609553032.86866, -0.33587786259541985
1609553032.925981, -0.26717557251908397
1609553032.9805608, -0.35877862595419846
1609553033.0386147, -0.21374045801526717
1609553033.1162221, -0.22900763358778625
1609553033.2144585, -0.2824427480916031
1609553033.2778082, -0.2900763358778626
1609553033.343271, -0.2900763358778626
1609553033.4188504, -0.3282442748091603
1609553033.4795592, -0.31297709923664124
1609553033.55284, -0.1297709923664122
1609553033.6102989, -0.29770992366412213
1609553033.6735396, -0.183206106870229
1609553033.7736707, -0.183206106870229
1609553033.902702, -0.13740458015267176
1609553033.962656, -0.33587786259541985
1609553034.0379257, -0.3816793893129771
1609553034.1092162, -0.1984732824427481
1609553034.18181, -0.07633587786259542
1609553034.2446718, -0.3282442748091603
1609553034.3114593, -0.2595419847328244
1609553034.386743, -0.2366412213740458
1609553034.442376, -0.1450381679389313
1609553034.5093727, -0.1450381679389313
1609553034.5735474, -0.25190839694656486
1609553034.65427, -0.2366412213740458
1609553034.7274554, -0.3282442748091603
1609553034.7813914, -0.29770992366412213
1609553034.9052322, -0.31297709923664124
1609553034.972101, -0.2748091603053435
1609553035.0386035, -0.32061068702290074
1609553035.0994325, -0.1297709923664122
1609553035.1588793, -0.20610687022900764
1609553035.2138243, -0.13740458015267176
1609553035.3105943, -0.3053435114503817
1609553035.3905978, -0.1984732824427481
1609553035.480691, -0.16030534351145037
1609553035.539451, -0.4580152671755725
1609553035.6084478, -0.24427480916030533
1609553035.685143, -0.2366412213740458
1609553035.7451992, -0.24427480916030533
1609553035.807025, -0.17557251908396945
1609553035.8753855, -0.25190839694656486
1609553035.9749906, -0.06870229007633588
1609553036.0453563, -0.3053435114503817
1609553036.106342, -0.5877862595419847
1609553036.173822, -0.4580152671755725
1609553036.2440047, -0.3053435114503817
1609553036.3091602, -0.32061068702290074
1609553036.376907, -0.25190839694656486
1609553036.4446845, -0.29770992366412213
1609553036.5110884, -0.2824427480916031
1609553036.5730772, -0.16793893129770993
1609553036.6320682, -0.22900763358778625
1609553036.697469, -0.1450381679389313
1609553036.7526128, -0.2748091603053435
1609553036.8351552, -0.19083969465648856
1609553036.9110806, -0.33587786259541985
1609553036.9707508, -0.31297709923664124
1609553037.0337694, -0.19083969465648856
1609553037.105297, -0.31297709923664124
1609553037.1645908, -0.08396946564885496
1609553037.2286818, -0.22137404580152673
1609553037.2912426, -0.3435114503816794
1609553037.3486652, -0.32061068702290074
1609553037.4044995, -0.37404580152671757
1609553037.476846, -0.366412213740458
1609553037.534344, -0.366412213740458
1609553037.5931647, -0.40458015267175573
1609553037.6614814, -0.40458015267175573
1609553037.7196562, -0.3282442748091603
1609553037.792284, -0.183206106870229
1609553037.8608067, -0.4198473282442748
1609553037.9225805, -0.1450381679389313
1609553037.9783576, -0.1984732824427481
1609553038.0364633, -0.6030534351145038
1609553038.0969212, -0.15267175572519084
1609553038.160354, -0.3282442748091603
1609553038.2281284, -0.2824427480916031
1609553038.2818067, -0.21374045801526717
1609553038.3393974, -0.1984732824427481
1609553038.3971453, -0.20610687022900764
1609553038.4599001, -0.32061068702290074
1609553038.519371, -0.22900763358778625
1609553038.5808668, -0.183206106870229
1609553038.6403947, -0.3053435114503817
1609553038.7015936, -0.12213740458015267
1609553039.7736242, -0.05343511450381679
1609553039.8745582, -0.24427480916030533
1609553039.9781313, -0.3816793893129771
1609553040.0680504, -0.17557251908396945
1609553040.1805441, -0.26717557251908397
1609553040.2724857, -0.2366412213740458
1609553040.3790154, -0.12213740458015267
1609553040.5352247, -0.22137404580152673
1609553040.618313, -0.2366412213740458
1609553040.673972, -0.19083969465648856
1609553040.732903, -0.2900763358778626
1609553040.7983985, -0.183206106870229
1609553040.8636534, -0.3511450381679389
1609553040.9284441, -0.1984732824427481
1609553040.9938989, -0.20610687022900764
1609553041.085599, -0.22137404580152673
1609553041.1416142, -0.183206106870229
1609553041.2000637, -1.9312977099236641
1609553041.2628317, -0.15267175572519084
1609553041.3361952, -0.1450381679389313
1609553041.4181306, -0.10687022900763359
1609553041.4754176, -0.22900763358778625
1609553041.5335805, -0.25190839694656486
1609553041.6018553, -0.183206106870229
1609553041.661658, -0.1297709923664122
1609553041.722837, -0.10687022900763359
1609553041.7784948, -0.21374045801526717
1609553041.8549452, -0.16793893129770993
1609553041.9287648, -0.40458015267175573
1609553041.9910617, -0.1297709923664122
1609553042.0534205, -0.2748091603053435
1609553042.1147974, -0.15267175572519084
1609553042.188339, -0.04580152671755725
1609553042.2530367, -0.3511450381679389
1609553042.3183744, -0.31297709923664124
1609553042.3808804, -0.13740458015267176
1609553042.4469402, -0.32061068702290074
1609553042.5136168, -0.31297709923664124
1609553042.5797336, -0.2366412213740458
1609553042.6458411, -0.16030534351145037
1609553042.717707, -0.25190839694656486
1609553042.7806656, -0.22137404580152673
1609553042.8501122, -0.13740458015267176
1609553042.9166, -0.1984732824427481
1609553042.9846208, -0.16793893129770993
1609553043.0539215, -0.20610687022900764
1609553043.1252122, -0.37404580152671757
1609553043.1897988, -0.10687022900763359
1609553043.2557328, -0.2595419847328244
1609553043.3160026, -0.26717557251908397
1609553043.3772924, -0.22137404580152673
1609553043.4436522, -0.022900763358778626
1609553043.5062828, -0.08396946564885496
1609553043.563578, -0.16030534351145037
1609553043.6208417, -0.1450381679389313
1609553043.6834393, -0.2900763358778626
1609553043.7473004, -0.2900763358778626
1609553043.8114529, -0.25190839694656486
1609553043.8786469, -0.3282442748091603
1609553043.9461274, -0.17557251908396945
1609553044.0052242, -0.25190839694656486
1609553044.0675611, -0.1450381679389313
1609553044.123639, -0.2748091603053435
1609553044.187656, -0.25190839694656486
1609553044.2526677, -0.1450381679389313
1609553044.3207152, -0.1297709923664122
1609553044.4132476, -0.1297709923664122
1609553044.4788094, -0.19083969465648856
1609553044.5388982, -0.13740458015267176
1609553044.600477, -0.21374045801526717
1609553044.658588, -0.1984732824427481
1609553044.7289636, -0.16793893129770993
1609553044.8023412, -0.2748091603053435
1609553044.8969114, -0.22900763358778625
1609553044.9797697, -0.31297709923664124
1609553045.0863128, -0.22137404580152673
1609553045.170386, -0.26717557251908397
1609553045.229683, -0.20610687022900764
1609553045.285178, -0.1450381679389313
1609553045.3471909, -0.16030534351145037
1609553045.4197302, -0.3511450381679389
1609553045.5216353, -0.19083969465648856
1609553045.5835662, -0.22900763358778625
1609553045.643787, -0.22900763358778625
1609553045.7282152, -0.2595419847328244
1609553045.8181477, -0.3435114503816794
1609553045.8906963, -0.24427480916030533
1609553045.9504802, -0.2824427480916031
1609553046.013249, -0.22137404580152673
1609553046.0786827, -0.16030534351145037
1609553046.1454415, -0.26717557251908397
1609553046.225931, -1.9389312977099236
1609553046.2935526, -0.12213740458015267
1609553046.3662002, -0.29770992366412213
1609553046.437917, -0.22900763358778625
1609553046.5102017, -0.3053435114503817
1609553046.5791402, -0.25190839694656486
1609553046.6421158, -0.1984732824427481
1609553046.7140505, -0.1984732824427481
1609553046.788482, -0.12213740458015267
1609553046.8658376, -0.3282442748091603
1609553046.9219077, -0.3282442748091603
1609553046.9782374, -0.16030534351145037
1609553047.0391335, -0.29770992366412213
1609553047.1022294, -0.35877862595419846
1609553047.160561, -0.04580152671755725
1609553047.215706, -0.2900763358778626
1609553047.2738037, -0.09923664122137404
1609553047.3340917, -0.10687022900763359
1609553047.4020565, -0.183206106870229
1609553047.4602075, -0.24427480916030533
1609553047.5164683, -0.1297709923664122
1609553047.5794291, -0.183206106870229
1609553047.641099, -0.33587786259541985
1609553047.73585, -0.12213740458015267
1609553047.8096557, -0.03816793893129771
1609553047.8767912, -0.17557251908396945
1609553047.9364111, -0.32061068702290074
1609553048.00091, -0.2366412213740458
1609553048.0683947, -0.16030534351145037
1609553048.1262236, -0.183206106870229
1609553048.1824136, -0.1297709923664122
1609553048.2433512, -0.183206106870229
1609553048.3078022, -0.05343511450381679
1609553048.374814, -0.7938931297709924
1609553048.4362705, -0.6030534351145038
1609553048.5032895, -0.24427480916030533
1609553048.5813258, -0.4198473282442748
1609553048.6493697, -0.3053435114503817
1609553048.7075295, -0.1297709923664122
1609553048.776102, -0.2366412213740458
1609553048.8412948, -0.3893129770992366
1609553048.9034379, -0.4122137404580153
1609553048.9601467, -0.19083969465648856
1609553049.0236175, -0.2748091603053435
1609553049.0798035, -0.1984732824427481
1609553049.146616, -0.26717557251908397
1609553049.2081149, -0.15267175572519084
1609553049.2691588, -0.10687022900763359
1609553049.3313525, -0.3511450381679389
1609553049.3872216, -0.17557251908396945
1609553049.4473512, -0.1450381679389313
1609553049.5141222, -0.16030534351145037
1609553049.576916, -0.32061068702290074
1609553049.6432598, -0.19083969465648856
1609553049.7084634, -0.2824427480916031
1609553049.788344, -0.15267175572519084
1609553049.888279, -0.19083969465648856
1609553049.945599, -0.2366412213740458
1609553050.0059228, -0.26717557251908397
1609553050.0703366, -0.366412213740458
1609553050.1313014, -0.06870229007633588
1609553050.1865942, -0.29770992366412213
1609553050.2429433, -0.16030534351145037
1609553050.306947, -0.31297709923664124
1609553050.3771806, -0.1984732824427481
1609553050.4399464, -0.183206106870229
1609553050.5051653, -0.22900763358778625
1609553050.5614371, -0.21374045801526717
1609553050.620008, -0.24427480916030533
1609553050.6855667, -0.05343511450381679
1609553050.7476835, -0.16030534351145037
1609553050.8090992, -0.15267175572519084
1609553050.8677173, -0.916030534351145
1609553050.9357488, -0.2748091603053435
1609553050.9972608, 1.9465648854961832
1609553051.0529597, -0.48854961832061067
1609553051.1094928, -0.11450381679389313
1609553051.1811664, -0.32061068702290074
1609553051.2410982, -0.1297709923664122
1609553051.3174117, -0.19083969465648856
1609553051.3781874, -0.04580152671755725
1609553051.4474201, -0.13740458015267176
1609553051.507728, -0.19083969465648856
1609553051.570802, -0.061068702290076333
1609553051.6350336, -0.17557251908396945
1609553051.6937563, -0.33587786259541985
1609553051.7527125, -0.46564885496183206
1609553051.8301048, -0.3435114503816794
1609553051.9013276, -0.17557251908396945
1609553051.9603505, -0.10687022900763359
1609553052.025468, -0.09923664122137404
1609553052.089356, -0.13740458015267176
1609553052.146545, -0.183206106870229
1609553052.2022367, -0.29770992366412213
1609553052.2651367, -0.09923664122137404
1609553052.3253765, -0.183206106870229
1609553052.3865743, -0.2595419847328244
1609553052.444036, -0.19083969465648856
1609553052.499372, -0.15267175572519084
1609553052.557338, -0.24427480916030533
1609553052.6273956, -0.33587786259541985
1609553052.6928873, -0.19083969465648856
1609553052.7510593, -0.04580152671755725
1609553052.8061705, -0.17557251908396945
1609553052.8638783, -0.19083969465648856
1609553052.924161, -0.4198473282442748
1609553052.9861257, -0.3816793893129771
1609553053.041818, -0.2748091603053435
1609553053.1048677, -0.06870229007633588
1609553053.1639576, -0.4961832061068702
1609553053.2258153, 0.22900763358778625
1609553053.290402, -0.5419847328244275
1609553053.348522, -0.26717557251908397
1609553053.4193184, -1.6488549618320612
1609553053.4750845, -3.50381679389313
1609553053.5307045, -0.648854961832061
1609553053.595909, -4.679389312977099
1609553053.661493, -1.015267175572519
1609553053.7321405, -1.916030534351145
1609553053.7957106, -0.37404580152671757
1609553053.8601642, -0.5343511450381679
1609553053.9240658, -0.8854961832061069
1609553053.9949067, -0.0916030534351145
1609553054.0572984, 0.26717557251908397
1609553054.1149173, 0.44274809160305345
1609553054.1693072, -1.9312977099236641
1609553054.2272272, -0.25190839694656486
1609553054.3053656, -0.5572519083969466
1609553054.3610666, 2.6030534351145036
1609553054.427102, -0.8015267175572519
1609553054.493789, 0.7557251908396947
1609553054.5561178, -0.5114503816793893
1609553054.6248775, 0.2366412213740458
1609553054.6901143, 12.251908396946565
1609553054.749316, 30.129770992366414
1609553054.8182197, -7.0458015267175576
1609553054.913107, -7.32824427480916
1609553055.0025141, -9.419847328244275
1609553055.1011856, -0.8015267175572519
1609553055.221115, 0.6030534351145038
1609553055.334131, -0.05343511450381679
1609553055.44603, -1.9312977099236641
1609553055.5408719, -0.5343511450381679
1609553055.6055458, -0.09923664122137404
1609553055.6772234, -0.4351145038167939
1609553055.7386672, -0.007633587786259542
1609553055.8213727, 0.12213740458015267
1609553055.8843825, -0.4961832061068702
1609553055.9413352, -0.2824427480916031
1609553056.004589, -0.183206106870229
1609553056.065349, -1.9465648854961832
1609553056.1262617, -0.31297709923664124
1609553056.1958785, -0.07633587786259542
1609553056.2604535, -0.24427480916030533
1609553056.331539, -0.37404580152671757
1609553056.3970616, -0.030534351145038167
1609553056.4588633, -0.06870229007633588
1609553056.5242143, -0.19083969465648856
1609553056.596432, -0.061068702290076333
1609553056.6636546, 0.061068702290076333
1609553056.7276692, -0.3053435114503817
1609553056.79103, -0.2595419847328244
1609553056.8509, -0.26717557251908397
1609553056.9312005, -0.06870229007633588
1609553056.9915512, -0.25190839694656486
1609553057.05247, -0.16793893129770993
1609553057.117008, -0.3893129770992366
1609553057.1774437, -0.13740458015267176
1609553057.2414546, -0.16030534351145037
1609553057.3029873, -0.1450381679389313
1609553057.3606462, -0.31297709923664124
1609553057.422012, -0.19083969465648856
1609553057.483965, 0.05343511450381679
1609553057.5546954, -0.06870229007633588
1609553057.63656, -0.061068702290076333
1609553057.7133744, -0.16030534351145037
1609553057.7787154, -0.1450381679389313
1609553057.854162, -0.16030534351145037
1609553057.9201934, -0.1450381679389313
1609553057.9912353, 0.030534351145038167
1609553058.0524821, -0.3282442748091603
1609553058.1272707, -0.549618320610687
1609553058.1854725, -0.183206106870229
1609553058.2476733, -0.11450381679389313
1609553058.315077, -0.3893129770992366
1609553058.3803186, -0.11450381679389313
1609553058.4478915, -0.16793893129770993
1609553058.5176902, -0.6412213740458015
1609553058.579776, -0.04580152671755725
1609553058.640359, 0.13740458015267176
1609553058.7164755, -0.22137404580152673
1609553058.7874649, -0.3511450381679389
1609553058.847709, -0.2748091603053435
1609553058.9252474, -0.3282442748091603
1609553058.9824014, -0.2366412213740458
1609553059.0522377, -0.04580152671755725
1609553059.1192217, -0.5343511450381679
1609553059.1788545, -0.2748091603053435
1609553059.2344875, -0.13740458015267176
1609553059.2968664, -0.35877862595419846
1609553059.3536592, 0.1450381679389313
1609553059.4273498, -0.22137404580152673
1609553059.4916956, -0.21374045801526717
1609553059.5738819, -0.05343511450381679
1609553059.6467686, -0.3893129770992366
1609553059.7211971, -0.13740458015267176
1609553059.7887208, 0.16030534351145037
1609553059.8553064, -0.29770992366412213
1609553059.9352992, 0.48091603053435117
1609553060.000455, 0.7862595419847328
1609553060.0801504, -0.6564885496183206
1609553060.141971, -0.10687022900763359
1609553060.210291, -0.05343511450381679
1609553060.2840705, -0.3282442748091603
1609553060.360997, 21.14503816793893
1609553060.4255908, 47.229007633587784
1609553060.4828086, -3.427480916030534
1609553060.5529482, 41.66412213740458
1609553060.6145291, 81.72519083969466
1609553060.6993554, 59.404580152671755
1609553060.7993996, -76.0
1609553060.883735, -138.9083969465649
1609553060.9662964, -250.13740458015266
1609553061.0239983, 8.244274809160306
1609553061.0918038, 63.31297709923664
1609553061.1526458, 6.206106870229007
1609553061.2238715, 117.25190839694656
1609553061.2855363, -71.62595419847328
1609553061.3507462, -18.778625954198475
1609553061.4203367, -3.1755725190839694
1609553061.4819164, -54.58015267175573
1609553061.5555692, -58.0
1609553061.615317, -71.77099236641222
1609553061.6924746, -16.83969465648855
1609553061.7553713, -22.603053435114504
1609553061.8175642, -58.7557251908397
1609553061.8762429, 67.1145038167939
1609553061.939642, 115.46564885496183
1609553062.0059264, 15.664122137404581
1609553062.0724714, 10.992366412213741
1609553062.139509, 3.572519083969466
1609553062.2059968, 27.18320610687023
1609553062.2690434, 62.97709923664122
1609553062.3351622, -71.69465648854961
1609553062.3994508, -28.229007633587788
1609553062.4641838, -18.3206106870229
1609553062.5221348, 2.763358778625954
1609553062.5764484, 76.09160305343511
1609553062.6347005, 50.908396946564885
1609553062.6941783, 19.946564885496183
1609553062.7506583, 31.862595419847327
1609553062.8066053, -46.61068702290076
1609553062.865719, -45.38167938931298
1609553062.9351118, 64.70992366412214
1609553063.0089314, -99.83206106870229
1609553063.0666504, 40.56488549618321
1609553063.1386628, 24.916030534351144
1609553063.2064004, -136.45038167938932
1609553063.2665615, -14.01526717557252
1609553063.3267434, 31.480916030534353
1609553063.3813922, 21.763358778625953
1609553063.4408092, 28.72519083969466
1609553063.504083, 39.30534351145038
1609553063.5798306, 77.9618320610687
1609553063.8433113, 0.9236641221374046
1609553063.9976094, 32.86259541984733
1609553064.1447055, 32.51145038167939
1609553064.2927308, 47.0
1609553064.3722303, 1.1984732824427482
1609553064.4438858, 7.206106870229007
1609553064.5079768, 4.564885496183206
1609553064.5741184, 1.549618320610687
1609553064.6684988, 1.1908396946564885
1609553064.7369585, 1.4809160305343512
1609553064.8381803, 1.1526717557251909
1609553064.9302518, 1.8015267175572518
1609553065.0043104, 0.6335877862595419
1609553065.067347, 0.9007633587786259
1609553065.1329458, 0.29770992366412213
1609553065.1915026, 1.0763358778625953
1609553065.2502747, 0.8931297709923665
1609553065.3068843, 0.9083969465648855
1609553065.3773642, 0.21374045801526717
1609553065.43418, 0.15267175572519084
1609553065.5010438, 0.6793893129770993
1609553065.5710185, 0.7709923664122137
1609553065.6370354, 0.5572519083969466
1609553065.7160697, 0.16030534351145037
1609553065.7751796, 0.1984732824427481
1609553065.8355703, 0.13740458015267176
1609553065.9020991, 0.5114503816793893
1609553065.965211, 0.6259541984732825
1609553066.0233128, 0.35877862595419846
1609553066.0771947, 0.1450381679389313
1609553066.1370096, -0.09923664122137404
1609553066.2058835, 0.4122137404580153
1609553066.265285, 0.6106870229007634
1609553066.320556, 0.3282442748091603
1609553066.3788989, 0.0916030534351145
1609553066.436087, -0.183206106870229
1609553066.5004857, 0.030534351145038167
1609553066.5677295, 0.25190839694656486
1609553066.634211, 0.3511450381679389
1609553066.7023888, -0.030534351145038167
1609553066.7691336, -1.9389312977099236
1609553066.8294244, -0.10687022900763359
1609553066.88755, 1.9312977099236641
1609553066.968612, 0.4122137404580153
1609553067.0296025, 0.24427480916030533
1609553067.0978441, -0.05343511450381679
1609553067.161988, -0.13740458015267176
1609553067.2268877, 0.09923664122137404
1609553067.2939935, 0.08396946564885496
1609553067.3518355, 0.03816793893129771
1609553067.427347, -1.9541984732824427
1609553067.488716, -0.0916030534351145
1609553067.5561075, 0.11450381679389313
1609553067.6177223, 0.16030534351145037
1609553067.6762671, 0.26717557251908397
1609553067.7312162, 0.1297709923664122
1609553067.7920132, -0.13740458015267176
1609553067.8556986, -0.12213740458015267
1609553067.9129345, -0.061068702290076333
1609553067.9682815, 0.2366412213740458
1609553068.0272436, 0.26717557251908397
1609553068.0864851, -0.061068702290076333
1609553068.1432533, -0.2748091603053435
1609553068.1969912, -0.1450381679389313
1609553068.258388, -0.015267175572519083
1609553068.324925, 0.1297709923664122
1609553068.3803327, -0.030534351145038167
1609553068.4373577, -0.10687022900763359
1609553068.4952505, -0.22900763358778625
1609553068.5607314, -0.22137404580152673
1609553068.6276858, -0.07633587786259542
1609553068.6921737, 0.11450381679389313
1609553068.7504685, 0.09923664122137404
1609553068.8055255, -0.1984732824427481
1609553068.8733184, -0.4198473282442748
1609553068.9308052, -0.16793893129770993
1609553069.0018198, 0.030534351145038167
1609553069.0603716, 0.061068702290076333
1609553069.1209676, -0.015267175572519083
1609553069.1817534, -0.183206106870229
1609553069.2390113, -0.3053435114503817
1609553069.309831, -0.09923664122137404
1609553069.3718727, 1.9465648854961832
1609553069.4330606, -0.022900763358778626
1609553069.4930315, 0.03816793893129771
1609553069.5545983, -0.13740458015267176
1609553069.6123621, -0.21374045801526717
1609553069.6684852, -0.061068702290076333
1609553069.7282948, 1.9465648854961832
1609553069.7975347, 1.9389312977099236
1609553069.885553, -0.2900763358778626
1609553069.980338, -0.183206106870229
1609553070.1149838, -0.08396946564885496
1609553070.2381291, -0.22900763358778625
1609553070.3381283, -0.16030534351145037
1609553070.4532783, 0.0
1609553070.5297987, -0.07633587786259542
1609553070.609921, -0.17557251908396945
1609553070.668043, -1.9312977099236641
1609553070.7292917, -0.15267175572519084
1609553070.7918797, -0.183206106870229
1609553070.8482187, -0.32061068702290074
1609553070.9045835, -0.22137404580152673
1609553070.9697561, -0.10687022900763359
1609553071.029783, -0.07633587786259542
1609553071.0998747, -0.05343511450381679
1609553071.1647246, 1.7633587786259541
1609553071.2313662, -0.17557251908396945
1609553071.303814, -0.24427480916030533
1609553071.3633287, -0.06870229007633588
1609553071.4292135, -0.12213740458015267
1609553071.4952464, -0.3435114503816794
1609553071.5614238, -0.22900763358778625
1609553071.6377215, -0.15267175572519084
1609553071.7003853, -0.29770992366412213
1609553071.7620053, -0.12213740458015267
1609553071.818969, -0.13740458015267176
1609553071.8769438, -0.35877862595419846
1609553071.9411, -0.15267175572519084
1609553071.9997995, -0.19083969465648856
1609553072.0626802, -0.13740458015267176
1609553072.125411, -0.13740458015267176
1609553072.188332, -0.20610687022900764
1609553072.2516577, -0.183206106870229
1609553072.3230023, -0.35877862595419846
1609553072.3914251, -0.2748091603053435
1609553072.457362, 0.030534351145038167
1609553072.5341384, -0.07633587786259542
1609553072.6021302, -0.2900763358778626
1609553072.662942, -0.19083969465648856
1609553072.7234316, -0.10687022900763359
1609553072.7867246, -0.07633587786259542
1609553072.8534281, -0.17557251908396945
1609553072.9277227, -0.1984732824427481
1609553072.9886367, -0.366412213740458
1609553073.0598743, -0.2824427480916031
1609553073.127554, -0.3053435114503817
1609553073.1897979, -0.1297709923664122
1609553073.2609637, -0.35877862595419846
1609553073.3197756, -0.26717557251908397
1609553073.3807452, -0.22137404580152673
1609553073.442931, -0.29770992366412213
1609553073.4974961, -0.12213740458015267
1609553073.5569859, -0.15267175572519084
1609553073.6231096, -0.3053435114503817
1609553073.6923134, -0.25190839694656486
1609553073.7507622, -0.12213740458015267
1609553073.8328745, -0.05343511450381679
1609553073.8958313, -0.022900763358778626
1609553073.9577723, -0.16793893129770993
1609553074.0268638, -0.12213740458015267
1609553074.0894697, -0.19083969465648856
1609553074.1567163, -0.21374045801526717
1609553074.2234812, -0.183206106870229
1609553074.287941, -0.25190839694656486
1609553074.4223862, -0.20610687022900764
1609553074.492539, -0.10687022900763359
1609553074.5615685, -0.22900763358778625
1609553074.6384652, 1.9312977099236641
1609553074.6962, -1.9465648854961832
1609553074.7739236, -0.3053435114503817
1609553074.8313584, -0.2595419847328244
1609553074.906837, -0.13740458015267176
1609553074.9676569, -0.44274809160305345
1609553075.0255198, -0.1984732824427481
1609553075.0851388, -0.15267175572519084
1609553075.1535304, 0.015267175572519083
1609553075.226801, 0.08396946564885496
1609553075.2867408, -0.10687022900763359
1609553075.3426247, -0.4961832061068702
1609553075.3999295, -0.29770992366412213
1609553075.4556127, -0.007633587786259542
1609553075.5270152, 0.07633587786259542
1609553075.6289363, -0.24427480916030533
1609553075.741928, -0.06870229007633588
1609553075.8192477, -1.0229007633587786
1609553075.905395, -1.9389312977099236
1609553075.9759407, 1.0229007633587786
1609553076.0358794, -0.2824427480916031
1609553076.0926003, 0.4198473282442748
1609553076.160921, -0.7786259541984732
1609553076.222396, 0.7862595419847328
1609553076.2866569, -0.5954198473282443
1609553076.3493524, -0.5648854961832062
1609553076.425193, 0.061068702290076333
1609553076.4875789, -0.3435114503816794
1609553076.5600674, 0.8091603053435115
1609553076.629774, -0.44274809160305345
1609553076.6987028, -0.0916030534351145
1609553076.7577636, -2.0916030534351147
1609553076.8170764, 2.068702290076336
1609553076.8754704, -0.6412213740458015
1609553076.9315133, -0.0916030534351145
1609553077.0112097, -1.183206106870229
1609553077.0809684, -0.6412213740458015
1609553077.1424234, -0.2900763358778626
1609553077.2017183, 0.48854961832061067
1609553077.261886, 0.816793893129771
1609553077.319342, -1.534351145038168
1609553077.376967, -0.33587786259541985
1609553077.4389858, -0.8244274809160306
1609553077.4954975, 0.06870229007633588
1609553077.5533195, 0.8244274809160306
1609553077.6121993, -0.32061068702290074
1609553077.680733, -0.030534351145038167
1609553077.742878, -1.2442748091603053
1609553077.8023798, -0.6717557251908397
1609553077.8576508, 0.4198473282442748
1609553077.9289362, -0.2366412213740458
1609553077.9844952, -0.5343511450381679
1609553078.042698, -0.5343511450381679
1609553078.1060019, -0.07633587786259542
1609553078.161449, -0.2748091603053435
1609553078.2213137, -0.015267175572519083
1609553078.2807868, -0.09923664122137404
1609553078.3425643, 0.1450381679389313
1609553078.3988733, -0.9694656488549618
1609553078.460076, -0.19083969465648856
1609553078.515505, 0.16793893129770993
1609553078.5754168, 0.19083969465648856
1609553078.6350896, -0.09923664122137404
1609553078.6938505, -0.732824427480916
1609553078.7550006, -0.9083969465648855
1609553078.8254392, 0.6870229007633588
1609553078.883919, 0.16793893129770993
1609553078.9462419, -1.0687022900763359
1609553079.0127873, 0.6564885496183206
1609553079.0876803, -0.6183206106870229
1609553079.147737, -0.2748091603053435
1609553079.2105868, 0.4732824427480916
1609553079.2835863, -0.4961832061068702
1609553079.353034, -0.3053435114503817
1609553079.4220178, 0.45038167938931295
1609553079.5359564, -0.22900763358778625
1609553079.5905406, 0.9007633587786259
1609553079.6523852, -0.816793893129771
1609553079.7165911, -0.3816793893129771
1609553079.785297, -0.2595419847328244
1609553079.8534846, -1.1450381679389312
1609553079.9603374, -0.2366412213740458
1609553080.034132, 0.13740458015267176
1609553080.0957959, -1.2748091603053435
1609553080.1563218, -0.5114503816793893
1609553080.2141235, 1.0
1609553080.2778893, -0.7557251908396947
1609553080.3458652, 1.5877862595419847
1609553080.409082, -0.4961832061068702
1609553080.4838934, -1.6259541984732824
1609553080.5479922, -0.3053435114503817
1609553080.6258678, 1.297709923664122
1609553080.6813107, 0.37404580152671757
1609553080.7513995, -1.5267175572519085
1609553080.8135622, -0.5343511450381679
1609553080.8796718, -0.030534351145038167
1609553080.9448786, 0.6793893129770993
1609553081.0110884, 0.06870229007633588
1609553081.077841, -0.45038167938931295
1609553081.141167, -1.1984732824427482
1609553081.2132463, -0.32061068702290074
1609553081.2790313, 0.15267175572519084
1609553081.34686, 0.35877862595419846
1609553081.4137626, 0.06870229007633588
1609553081.4856284, -1.1297709923664123
1609553081.546204, -0.8854961832061069
1609553081.606514, 0.3053435114503817
1609553081.6710727, 0.816793893129771
1609553081.7253547, -0.46564885496183206
1609553081.7916424, -0.7862595419847328
1609553081.8471024, -0.6641221374045801
1609553081.9109333, 0.04580152671755725
1609553081.971224, -0.05343511450381679
1609553082.0419896, 0.06870229007633588
1609553082.1082094, -0.16030534351145037
1609553082.1682594, -0.8320610687022901
1609553082.2265902, -0.8015267175572519
1609553082.283601, 1.9465648854961832
1609553082.342613, 0.366412213740458
1609553082.4035597, 0.24427480916030533
1609553082.4715526, -0.7175572519083969
1609553082.5326474, -0.5954198473282443
1609553082.598874, -0.3816793893129771
1609553082.659849, 0.09923664122137404
1609553082.7183309, 0.3816793893129771
1609553082.7751806, -0.44274809160305345
1609553082.8356526, -0.5190839694656488
1609553082.8977563, -0.5877862595419847
1609553082.9572773, -0.1297709923664122
1609553083.0492535, -0.007633587786259542
1609553083.1087222, 0.17557251908396945
1609553083.173232, -0.3435114503816794
1609553083.236836, -0.8091603053435115
1609553083.3075464, -0.4198473282442748
1609553083.3738742, -0.22900763358778625
1609553083.4373991, 0.022900763358778626
1609553083.498726, -0.35877862595419846
1609553083.560449, 1.8931297709923665
1609553083.6376631, -0.5419847328244275
1609553083.703357, -0.06870229007633588
1609553083.7712317, -1.5419847328244274
1609553083.8319724, -3.969465648854962
1609553083.8923035, -2.7480916030534353
1609553083.953402, 0.09923664122137404
1609553084.011948, 1.984732824427481
1609553084.071271, -1.3206106870229009
1609553084.1345005, -0.4198473282442748
1609553084.2007074, -2.1297709923664123
1609553084.2688582, -1.1145038167938932
1609553084.370758, -1.2595419847328244
1609553084.4457278, 0.25190839694656486
1609553084.5021536, -0.9618320610687023
1609553084.5629334, 0.07633587786259542
1609553084.6215653, 1.8702290076335877
1609553084.696611, -0.32061068702290074
1609553084.751646, -0.4198473282442748
1609553084.8189387, -1.0763358778625953
1609553084.908148, -1.1526717557251909
1609553085.010998, 0.4961832061068702
1609553085.1270409, -0.5114503816793893
1609553085.2512913, 1.9236641221374047
1609553085.3510385, -1.0610687022900764
1609553085.468677, 1.183206106870229
1609553085.58493, -0.2366412213740458
1609553085.6610916, -0.6030534351145038
1609553085.7552538, 0.07633587786259542
1609553085.8102577, 0.16030534351145037
1609553085.8676984, 0.366412213740458
1609553085.9333184, -0.5648854961832062
1609553086.0043018, -1.2366412213740459
1609553086.0649288, -0.06870229007633588
1609553086.1381965, -0.03816793893129771
1609553086.202331, 0.366412213740458
1609553086.266122, -0.10687022900763359
1609553086.3342955, -0.11450381679389313
1609553086.3989713, -0.8702290076335878
1609553086.461414, 0.15267175572519084
1609553086.518636, 0.1984732824427481
1609553086.5793128, -0.37404580152671757
1609553086.6398697, -0.3282442748091603
1609553086.6974046, 0.07633587786259542
1609553086.7603536, -0.648854961832061
1609553086.8197384, -0.2748091603053435
1609553086.8804152, 0.16793893129770993
1609553086.947955, 0.22900763358778625
1609553087.004339, -0.5801526717557252
1609553087.0771763, -0.9923664122137404
1609553087.1362584, -0.5267175572519084
1609553087.1967463, 0.2900763358778626
1609553087.256942, 0.2824427480916031
1609553087.3204858, -0.3435114503816794
1609553087.3796217, -0.5190839694656488
1609553087.4386754, -0.4122137404580153
1609553087.5035553, 0.03816793893129771
1609553087.5635152, 0.11450381679389313
1609553087.628486, -0.11450381679389313
1609553087.6956987, -0.5267175572519084
1609553087.7665162, -0.07633587786259542
1609553087.832875, -0.24427480916030533
1609553087.892668, -1.9465648854961832
1609553087.9678962, -0.022900763358778626
1609553088.0579188, -0.46564885496183206
1609553088.1286213, -0.8015267175572519
1609553088.193226, -0.4351145038167939
1609553088.2788837, -0.8931297709923665
1609553088.346158, -1.4274809160305344
1609553088.407802, -0.6717557251908397
1609553088.4861834, -0.5038167938931297
